scenario_id,episode_reward,pf_converged,Vm_min,Vm_max,branch_loading_pct_max,pv_pmax_rand,wt_pmax_rand,load_scale,action,a_star
0,-3321.3919726205554,,0.9743082568961904,1.03,204.87713777208413,15.085684866460792,28.722919841504314,1.18370816178789,"[10.0, 5.0, 28.69236183166504, 15.085684866460792, 28.722919841504314]",
1,-191.4103433303123,,0.9966334873621512,1.0300000000000002,124.6593624128265,20.792325970369827,17.47357672656561,0.8046596490915532,"[10.0, 5.0, 28.202268600463867, 20.792325970369827, 17.47357672656561]",
2,-2148.61734002036,,0.9801099136567414,1.03,184.2765526934001,22.647413687104013,31.318419697170864,1.0883252415622668,"[10.0, 5.0, 21.602558135986328, 22.647413687104013, 31.318419697170864]",
3,-1743.337141566553,,0.9824637525883791,1.0300000000000002,175.8708615203147,14.941572232172916,19.67924030397899,1.0490129166646132,"[10.0, 5.0, 31.950441360473633, 14.941572232172916, 19.67924030397899]",
4,-947.4335672485827,,0.9880515252317501,1.03,155.80308179342057,31.974052402918815,42.6492104393628,0.9542464179111149,"[10.0, 5.0, 12.018999099731445, 31.974052402918815, 42.6492104393628]",
