scenario_id,episode_reward,pf_converged,Vm_min,Vm_max,branch_loading_pct_max,pv_pmax_rand,wt_pmax_rand,load_scale,action,a_star
0,-28.57354697974725,,0.9794067431073081,1.03,88.10534376610923,15.085684866460792,28.722919841504314,1.1,"[120.0, 80.0, 15.085684866460792, 28.722919841504314]",
1,-14.832050898949186,,0.9966334873621512,1.0300000000000002,82.75204537372804,20.792325970369827,17.47357672656561,0.8046596490915532,"[120.0, 80.0, 20.792325970369827, 17.47357672656561]",
2,-27.349745986946836,,0.9801099136567414,1.03,87.87671324160085,22.647413687104013,31.318419697170864,1.0883252415622668,"[120.0, 80.0, 22.647413687104013, 31.318419697170864]",
3,-26.402263743478496,,0.9824637525883791,1.0300000000000002,87.11674608119131,14.941572232172916,19.67924030397899,1.0490129166646132,"[120.0, 80.0, 14.941572232172916, 19.67924030397899]",
4,-19.336451072577702,,0.9880515252317501,1.03,85.34880385408653,31.974052402918815,42.6492104393628,0.9542464179111149,"[120.0, 80.0, 31.974052402918815, 42.6492104393628]",
