scenario_id,episode_reward,converged,Vm_min,Vm_max,branch_loading_pct_max,pv_pmax_rand,wt_pmax_rand,load_scale,action,a_star
0,-33.49267340872283,True,0.9743082568961904,1.03,93.59857604760975,15.085684866460792,28.722919841504314,1.18370816178789,"[117.42559462785721, 77.21585810184479, 14.216194753336412, 27.695786077949634]",
1,-15.560424517916008,True,0.9966334873621512,1.0300000000000002,82.75204537372804,20.792325970369827,17.47357672656561,0.8046596490915532,"[110.85652098059654, 53.887018859386444, 19.448888462266247, 16.143324739115872]",
2,-27.57695959918897,True,0.9801099136567414,1.03,87.87671324160085,22.647413687104013,31.318419697170864,1.0883252415622668,"[116.86514049768448, 76.17316275835037, 21.646634836738674, 30.293973160910664]",
3,-26.624416088741768,True,0.9824637525883791,1.0300000000000002,87.11674608119131,14.941572232172916,19.67924030397899,1.0490129166646132,"[116.7772825062275, 76.18935883045197, 14.024735517253701, 18.681031696916406]",
4,-20.005546079318478,True,0.9880515252317501,1.03,85.34880385408653,31.974052402918815,42.6492104393628,0.9542464179111149,"[113.14921528100967, 53.86571764945984, 30.555104649601365, 41.281451066720344]",
