episode,total_reward
0,-88858222.08224963
1,-121348858.56419763
2,-118435760.03520545
3,-139372288.89797452
4,-150147826.7716924
5,-137434467.25790828
6,-126467802.9857273
7,-135017952.02021608
8,-134229205.79918087
9,-127448051.21072559
10,-126175325.94432531
11,-161091631.0958703
12,-124172250.1660378
