scenario_id,episode_reward,pf_converged,Vm_min,Vm_max,branch_loading_pct_max,pv_pmax_rand,wt_pmax_rand,load_scale,action,a_star
0,-35.10400595,,0.974308257,1.03,105.8871983,15.08568487,28.72291984,1.183708162,"[85.40879821777344, 14.57814884185791, 15.085684866460792, 28.722919841504314]",
1,-17.03721043,,0.996633487,1.03,84.96419385,20.79232597,17.47357673,0.804659649,"[57.550872802734375, 19.101306915283203, 20.792325970369827, 17.47357672656561]",
2,-29.20850497,,0.980109914,1.03,95.1066577,22.64741369,31.3184197,1.088325242,"[75.24771881103516, 17.72401237487793, 22.647413687104013, 31.318419697170864]",
3,-28.26642777,,0.982463753,1.03,91.0214394,14.94157223,19.6792403,1.049012917,"[76.62966918945312, 15.919748306274414, 14.941572232172916, 19.67924030397899]",
4,-21.59360686,,0.988051525,1.03,87.63036953,31.9740524,42.64921044,0.954246418,"[63.2956428527832, 9.825235366821289, 31.974052402918815, 42.6492104393628]",
