scenario_id,episode_reward,pf_converged,Vm_min,Vm_max,branch_loading_pct_max,pv_pmax_rand,wt_pmax_rand,load_scale,action,a_star
0,-26.572362271095557,True,0.9772783960990746,1.03,127.52883947962383,12.688536200926668,15.547228171654599,1.18370816178789,"[115.11776733398438, 38.73642349243164, 26.849790573120117, 36.8878288269043, 17.256563186645508]","[183.99848898250733, 65.9132567836341, 23.314035364555117, 15.085672902101832, 28.722908469030408]"
1,-19.86443651565709,True,0.9973108685705248,1.03,101.80228602513432,27.67660050242208,27.225139177898004,0.8046596490915532,"[82.76764678955078, 31.459882736206055, 26.14207649230957, 27.760330200195312, 5.228065490722656]","[140.51384354034192, 30.23821764207309, 5.001273116504663, 20.79227135714, 17.473524005223766]"
2,-24.678352362067876,True,0.9825716881975558,1.03,119.94718639627817,18.101989283971246,32.07929764580682,1.0883252415622668,"[110.56558227539062, 39.31866455078125, 29.703643798828125, 34.47805404663086, 10.762296676635742]","[169.61037545970558, 54.39773311129611, 12.822507497199808, 22.647408763728127, 31.31841515761425]"
3,-25.99832398809959,True,0.9842080994758543,1.03,121.5286514335925,35.26041475546613,16.086892179458758,1.0490129166646132,"[102.96220397949219, 37.206153869628906, 26.756746292114258, 29.406675338745117, 8.032360076904297]","[174.11381626408559, 57.66160851531518, 14.484176798800835, 14.941565500627869, 19.679233755691904]"
4,-21.12844510914492,True,0.9903321440896045,1.03,104.5908157860701,17.52233161468693,28.477866221704435,0.9542464179111149,"[103.97249603271484, 40.834434509277344, 30.84528350830078, 37.02590560913086, 14.671956062316895]","[141.83137092659527, 31.9225413413478, 5.002936304577512, 31.97395886529065, 42.64911959866804]"
