scenario_id,episode_reward,pf_converged,Vm_min,Vm_max,branch_loading_pct_max,pv_pmax_rand,wt_pmax_rand,load_scale,action,a_star
0,-33.39144810174532,,0.9743082568961904,1.03,105.88719825276785,15.085684866460792,28.722919841504314,1.18370816178789,"[120.0, 80.0, 15.085684866460792, 28.722919841504314]",
1,-15.13668292876779,,0.9966334873621512,1.0300000000000002,84.96419383987643,20.792325970369827,17.47357672656561,0.8046596490915532,"[120.0, 58.90892028808594, 20.792325970369827, 17.47357672656561]",
2,-27.470846948353145,,0.9801099136567414,1.03,95.10665770107487,22.647413687104013,31.318419697170864,1.0883252415622668,"[120.0, 71.31725311279297, 22.647413687104013, 31.318419697170864]",
3,-26.41906808660172,,0.9824637525883791,1.0300000000000002,91.02143939946015,14.941572232172916,19.67924030397899,1.0490129166646132,"[120.0, 78.76884460449219, 14.941572232172916, 19.67924030397899]",
4,-19.54175422798939,,0.9880515252317501,1.03,87.63036952029736,31.974052402918815,42.6492104393628,0.9542464179111149,"[120.0, 65.52079010009766, 31.974052402918815, 42.6492104393628]",
