scenario_id,episode_reward,pf_converged,Vm_min,Vm_max,branch_loading_pct_max,pv_pmax_rand,wt_pmax_rand,load_scale,action,a_star
0,-33.29744445993787,,0.9743082568961904,1.03,0.0,15.085684866460792,28.722919841504314,1.18370816178789,"[120.0, 80.0, 15.085684866460792, 28.722919841504314]",
1,-15.316216406935263,,0.9966334873621512,1.0300000000000002,0.0,20.792325970369827,17.47357672656561,0.8046596490915532,"[112.87543487548828, 55.5890007019043, 20.792325970369827, 17.47357672656561]",
2,-27.62255756525257,,0.9801099136567414,1.03,0.0,22.647413687104013,31.318419697170864,1.0883252415622668,"[120.0, 75.87825012207031, 22.647413687104013, 27.656110763549805]",
3,-26.513049198013725,,0.9824637525883791,1.0300000000000002,0.0,14.941572232172916,19.67924030397899,1.0490129166646132,"[120.0, 72.04035186767578, 14.941572232172916, 19.67924030397899]",
4,-19.506378012844788,,0.9880515252317501,1.03,0.0,31.974052402918815,42.6492104393628,0.9542464179111149,"[120.0, 67.93360137939453, 31.974052402918815, 42.6492104393628]",
