scenario_id,action,a_star,pf_converged,pf_losses_P,pf_losses_Q,Vm_min,Vm_max,branch_loading_pct_max,pv_pmax_rand,wt_pmax_rand,load_scale,episode_reward
0,"[200.0, 50.94948959350586, 200.0, -1.2360355854034424, 200.0]","[158.7446827822547, 84.80266695395825, 32.539519798769106, 15.085673659907414, 28.72290909275639]",True,9.660627368285915,17.786657271473608,0.9764185240368048,1.03,105.9429846231637,12.688536200926668,15.547228171654599,1.2,-86.0335549863966
1,"[200.0, 63.29351043701172, 200.0, 7.725666522979736, 200.0]","[139.80987418707286, 29.667314733880957, 5.000142132274708, 20.79231937008464, 17.473570411399685]",True,5.988805357542153,0.05163758608233637,0.9975663697691286,1.03,101.37095027144161,27.67660050242208,27.225139177898004,0.8,-96.88185236389768
2,"[200.0, 53.06521224975586, 200.0, 5.7992706298828125, 200.0]","[154.7426194150638, 73.02161513277755, 23.81318301165716, 22.647399326383212, 31.318405964136193]",True,8.970081498784957,13.831706092396306,0.9792745616436798,1.03,105.88020411631491,18.101989283971246,32.07929764580682,1.1472087359371113,-85.38606463773299
3,"[200.0, 64.05438995361328, 200.0, 9.489872932434082, 200.0]","[156.49948646054148, 74.05919613615443, 23.37397286130314, 14.941556899475497, 19.679225633202883]",True,8.940147051864276,13.62540892168162,0.9824077776722054,1.03,105.88554959275865,35.26041475546613,16.086892179458758,1.081688194441022,-83.18076103890701
4,"[200.0, 67.32151794433594, 200.0, 6.817922592163086, 200.0]","[137.23255737993486, 28.160593855697254, 5.000186105685744, 31.974043963790134, 42.64920235532267]",True,6.2345980251840185,3.3310830663865154,0.992016690832131,1.03,101.77735252088013,17.52233161468693,28.477866221704435,0.9237440298518581,-95.88701992386447
