scenario_id,episode_reward,pf_converged,Vm_min,Vm_max,branch_loading_pct_max,pv_pmax_rand,wt_pmax_rand,load_scale,action,a_star
0,-37.64047880742012,True,0.977367771955667,1.0300000000000002,105.93030386049811,12.688536200926668,15.547228171654599,1.18370816178789,"[200.0, 200.0, 44.178035736083984, 13.349766731262207, 42.735939025878906]","[158.19254861686574, 82.68794157946022, 30.844088328198367, 15.085672779183518, 28.722908248259277]"
1,-56.366432096243535,True,0.9973108661335095,1.03,101.79991785470553,27.67660050242208,27.225139177898004,0.8046596490915532,"[200.0, 200.0, 34.72199630737305, 20.206478118896484, 39.75104522705078]","[140.5111528759646, 30.241844203993683, 5.000154795935694, 20.792318979302255, 17.473570037717927]"
2,-44.989362632601036,True,0.9826318557004365,1.03,105.84759538738754,18.101989283971246,32.07929764580682,1.0883252415622668,"[200.0, 200.0, 40.5557746887207, 17.004573822021484, 45.943565368652344]","[152.76728970670646, 65.39219763558178, 17.71745852445191, 22.647386188012614, 31.318393393618845]"
3,-44.490544454377805,True,0.9842728023530071,1.0300000000000002,105.86618889730521,35.26041475546613,16.086892179458758,1.0490129166646132,"[200.0, 200.0, 39.3734245300293, 20.00979995727539, 42.89695739746094]","[155.4009256371646, 69.81651037939199, 19.989263836852356, 14.941545263224763, 19.67921449624291]"
4,-56.52052191181279,True,0.9903322380374088,1.03,104.52053332007821,17.52233161468693,28.477866221704435,0.9542464179111149,"[200.0, 200.0, 40.17875671386719, 16.981637954711914, 48.83427429199219]","[141.75001403309486, 32.00332096568579, 5.000290014012862, 31.974041899872823, 42.649200379162785]"
