scenario_id,episode_reward,pf_converged,Vm_min,Vm_max,branch_loading_pct_max,pv_pmax_rand,wt_pmax_rand,load_scale,action,a_star
0,-35.104005951243984,,0.9743082568961904,1.03,105.8871982739241,15.085684866460792,28.722919841504314,1.18370816178789,"[85.40879821777344, 14.57814884185791, 15.085684866460792, 28.722919841504314]",
1,-17.037210426420728,,0.9966334873621512,1.0300000000000002,84.96419385040384,20.792325970369827,17.47357672656561,0.8046596490915532,"[57.550872802734375, 19.101306915283203, 20.792325970369827, 17.47357672656561]",
2,-29.208504969347935,,0.9801099136567414,1.03,95.10665770388623,22.647413687104013,31.318419697170864,1.0883252415622668,"[75.24771881103516, 17.72401237487793, 22.647413687104013, 31.318419697170864]",
3,-28.266427769064634,,0.9824637525883791,1.0300000000000002,91.02143940215073,14.941572232172916,19.67924030397899,1.0490129166646132,"[76.62966918945312, 15.919748306274414, 14.941572232172916, 19.67924030397899]",
4,-21.59360685604664,,0.9880515252317501,1.03,87.63036953115513,31.974052402918815,42.6492104393628,0.9542464179111149,"[63.2956428527832, 9.825235366821289, 31.974052402918815, 42.6492104393628]",
