scenario_id,episode_reward,pf_converged,Vm_min,Vm_max,branch_loading_pct_max,pv_pmax_rand,wt_pmax_rand,load_scale,action,a_star
0,-34.46608733229528,,0.9743082568961904,1.03,105.8871982739241,15.085684866460792,28.722919841504314,1.18370816178789,"[120.0, 80.0, 15.085684866460792, 10.508695602416992]",
1,-17.114681600117045,,0.9966334873621512,1.0300000000000002,84.96419385040384,20.792325970369827,17.47357672656561,0.8046596490915532,"[120.0, 80.0, 20.792325970369827, 0.0]",
2,-29.192860177689052,,0.9801099136567414,1.03,95.10665770388623,22.647413687104013,31.318419697170864,1.0883252415622668,"[120.0, 80.0, 22.647413687104013, 0.07919612526893616]",
3,-27.563338921413255,,0.9824637525883791,1.0300000000000002,91.02143940215073,14.941572232172916,19.67924030397899,1.0490129166646132,"[120.0, 80.0, 14.941572232172916, 0.0]",
4,-21.869055315176407,,0.9880515252317501,1.03,87.63036953115513,31.974052402918815,42.6492104393628,0.9542464179111149,"[119.08563232421875, 80.0, 31.974052402918815, 0.0]",
